model,flipped_sum,should_flip_count,percent
Llama-2-13b-chat-hf,717,2528,28.3623417721519
Llama-2-70b-chat-hf,1085,2785,38.95870736086176
Mistral-7B-OpenOrca,1377,3392,40.595518867924525
Mistral-7B-v0.1,2278,3386,67.27702303603071
Platypus2-70B-instruct,2228,3392,65.68396226415095
gpt-3.5-turbo,1250,2544,49.13522012578616
gpt-4,1889,2544,74.25314465408805
gpt-4-1106-preview,1901,2544,74.7248427672956
text-davinci-003,886,2544,34.827044025157235
zephyr-7b-alpha,1461,3388,43.12278630460449
